name,profession,availability_status,city,star_rating,organization_name
Yasmin Possa,Ophthalmologist/Optometrist,on,Bromma,5,Oba
Robby Terney,Exercise physiologist,on,San Patricio,5,Rhycero
Gussie Sharma,Registered dietitian,on,Dadong,3,Jabbertype
Timothea McPhelim,Podiatrist,on,Mat-i,2,Skynoodle
Hope Cayford,Nephrologist,off,Cabiao,5,Riffpedia
Koren Deport,Exercise physiologist,off,Dingzhai,3,Youbridge
Josy Vidyapin,Mental health professional,on,Khuean Ubonrat,5,Kwideo
Tremayne Denyer,Registered dietitian,on,Vila Pouca da Beira,2,Dynabox
Natalina Barette,Podiatrist,on,Quaraí,3,Leenti
Kelila Braunstein,Ophthalmologist/Optometrist,off,Fusagasuga,2,Photojam
Rufe Emmet,Primary care provider,off,Shinaihai,5,Youbridge
Sandy Tuffrey,Primary care provider,on,Huata,1,Fiveclub
Randal Adamolli,Nephrologist,on,Qulsary,2,Leenti
Brand Dictus,Endocrinologist,on,Pulosari,4,Innotype
Verne Ferronel,Pharmacist,off,Le Havre,3,Dynava
Demeter Dawes,Primary care provider,off,Aiximan,3,InnoZ
Fania Emmison,Primary care provider,off,George Town,3,Tekfly
Amelie Bickmore,Pharmacist,on,Aplahoué,1,Innotype
Felike Kidstoun,Exercise physiologist,on,Hŭkkyo-ri,1,Voonder
Emogene de Najera,Registered dietitian,on,Romilly-sur-Seine,4,Eadel
Wallis Luc,Pharmacist,off,Borino,5,Ntag
Greg Laycock,Pharmacist,off,Kobeřice,3,Vimbo
Mame Cheake,Registered dietitian,on,Saint Petersburg,1,Topicware
Auberon Dwire,Ophthalmologist/Optometrist,on,Zhuxi,2,Skidoo
Jarrett Houndsom,Primary care provider,on,Jianguang,1,Jatri
Jeralee Ibbetson,Ophthalmologist/Optometrist,on,Jarānwāla,1,Skyvu
Roberta Pedwell,Primary care provider,on,Shiwan,3,Dabtype
Dennison Zannotelli,Registered dietitian,off,Dongfeng,5,Miboo
Laurella Rawlinson,Primary care provider,on,Piñas,5,Babbleopia
Duane Le Guin,Primary care provider,off,Pomerode,1,Trudeo
Norene Mollatt,Endocrinologist,off,Praia da Vitória,3,Photobug
Issy Izchaki,Nephrologist,off,Dongping,4,Realbuzz
Gawen Shimoni,Primary care provider,on,Tyazhinskiy,2,Browsebug
Wendy Baptista,Pharmacist,off,Longtang,5,Fivechat
Sigismundo Measor,Exercise physiologist,off,Reston,3,Fiveclub
Tybi Pepys,Pharmacist,on,Viso,1,Latz
Corina Soan,Mental health professional,on,Aubergenville,5,Dabvine
Sheryl Ditter,Pharmacist,off,Daegu,5,Eazzy
Maitilde Swaysland,Primary care provider,off,Cikiruh Wetan,5,Meetz
Devin Ishak,Endocrinologist,on,Yaxi,4,Skippad
Leoline Smorthwaite,Podiatrist,on,Qingxi,2,Shuffledrive
Sholom Mawne,Primary care provider,off,Simnas,1,Skiptube
Catherin Meah,Endocrinologist,off,Pinheiro,3,Voonte
Reena Fraczkiewicz,Diabetes care and education specialist,off,Keumala,5,Eabox
Katine Picard,Mental health professional,on,Zaragoza,3,Rhynyx
Wrennie Hackelton,Diabetes care and education specialist,off,Pangnirtung,5,Voonder
Shani McAsgill,Exercise physiologist,on,Dijon,5,Yoveo
Alessandra Vickar,Nephrologist,on,Notodden,1,Flipopia
Zulema Beals,Nephrologist,off,Soubré,4,Centizu
Stephi Pallasch,Nephrologist,on,Zhukovo,1,Jamia
Kathye Fuidge,Mental health professional,on,Bakar,5,Yodoo
Guglielmo Lissett,Pharmacist,off,Aoji-ri,5,Linkbuzz
Martainn Farnorth,Diabetes care and education specialist,on,Zangbawa,4,Gabtune
Berenice Siddle,Endocrinologist,on,La Reforma,2,Realpoint
Kristos Solly,Mental health professional,on,Lewokluok,4,Feedbug
Peter Keave,Endocrinologist,on,Dongba,3,Linktype
Barron Giraudat,Primary care provider,off,Rungis,3,Quatz
Hilliary Impson,Primary care provider,off,Vitoria-Gasteiz,1,Yodoo
Carlin Mattingson,Exercise physiologist,off,Demyansk,1,Trunyx
Neddy Dillintone,Podiatrist,on,Ke’erlun,5,Wikibox
Emmalyn Langlands,Pharmacist,off,Amphoe Sikhiu,3,Rhynyx
Claude Brome,Registered dietitian,off,Esso,4,Voomm
Shandeigh Rigardeau,Diabetes care and education specialist,off,Žleby,1,Devpoint
Brnaba Halwood,Registered dietitian,on,Shifan,2,Tagfeed
Freddy Scrogges,Registered dietitian,off,Cork,2,Fivebridge
Vinson Errol,Podiatrist,on,Hetou,5,Tagchat
Aretha Mates,Primary care provider,on,São Joaquim da Barra,5,Ozu
Curtice Beevers,Pharmacist,off,Chengzihe,1,Quatz
Pattie O'Kielt,Nephrologist,off,Eséka,4,Eadel
Paulie Bister,Nephrologist,on,Misasi,5,Skalith
Cullan Killich,Mental health professional,off,Fukiage-fujimi,1,Chatterpoint
Gardiner Catford,Endocrinologist,on,Xianhe,3,Oozz
Annette Dooland,Ophthalmologist/Optometrist,on,Carabamba,4,Linklinks
Joline Milne,Exercise physiologist,off,Ampelákia,4,Ntags
Teddie Monelli,Mental health professional,off,Bayt Yāshūţ,5,Riffpedia
Pepe Odney,Ophthalmologist/Optometrist,off,Komsomolsk,5,Snaptags
Prisca Beresfore,Primary care provider,on,Esquina,5,Flipopia
Morgan Heenan,Diabetes care and education specialist,on,Changxing,5,Shuffletag
Ursuline Franklin,Mental health professional,on,Xunjian,2,Oozz
Carmelita McCray,Pharmacist,on,Sexiong,3,Meevee
Say Fishley,Diabetes care and education specialist,on,Baimi,5,Tagfeed
Retha Sparshatt,Nephrologist,off,Raglan,1,Thoughtstorm
Constance Beahan,Exercise physiologist,off,San Marcos,4,Voomm
Faith Fountian,Mental health professional,on,Hà Tĩnh,2,Meedoo
Ludovika Adamoli,Diabetes care and education specialist,off,Kaum,4,Plambee
Phaedra Corbet,Registered dietitian,off,Nchelenge,5,Yozio
Abner Rogier,Ophthalmologist/Optometrist,on,Péruwelz,1,Linktype
Alexandre Valente,Mental health professional,on,Löddeköpinge,2,Dabvine
Lara Prestige,Ophthalmologist/Optometrist,on,Hyesan-dong,2,Buzzdog
Aretha Killock,Primary care provider,on,Olympia,3,Photobug
Der Janek,Diabetes care and education specialist,off,Campelos,1,Skipstorm
Davidson Cruise,Pharmacist,off,Cikembang,1,Rooxo
Maye Allmann,Podiatrist,off,Hegarmanah,2,Aibox
Curtis Buckoke,Nephrologist,on,Neochórion,3,Wordify
Tally Saphir,Pharmacist,on,Cordon,1,Agimba
Adela Hamblin,Registered dietitian,on,Daejeon,1,Thoughtworks
Mari Craigg,Nephrologist,on,Newport News,1,Skyba
Lilly Jacklin,Primary care provider,on,Alcanhões,4,Jayo
Reta Mawby,Pharmacist,off,Hacienda La Calera,1,Photolist
Dixie Panter,Exercise physiologist,on,Świdnica,1,Demivee
Piper Tindle,Registered dietitian,off,Pomahan,2,Yacero
Thain Haskayne,Podiatrist,off,Antiguo Cuscatlán,1,Oyonder
Izabel Corkett,Endocrinologist,on,Bianzhuang,5,Jaxnation
Trudy Beardsell,Podiatrist,off,Zuitou,5,Quatz
Kenon Dybald,Endocrinologist,off,São João da Boa Vista,3,Fivechat
Idaline Vahl,Pharmacist,off,Utan,1,Viva
Tynan Barenski,Endocrinologist,off,Vetlanda,2,Feedfire
Ally Ericssen,Diabetes care and education specialist,on,Kafarati,2,Fivechat
Mano Maple,Primary care provider,off,Wenping,3,Realpoint
Alphonse Rouby,Pharmacist,off,Āshtīān,5,Flashset
Gregorius Luty,Mental health professional,on,Jiekou,5,Thoughtmix
Dennison Gainsford,Exercise physiologist,off,New York City,3,Mymm
Wilma Stutter,Pharmacist,on,Wārāh,4,Fatz
Shandie todor,Registered dietitian,off,Tadmur,4,Livetube
Layton Snead,Endocrinologist,on,Fuli,5,Flipbug
Kelley Rickertsen,Ophthalmologist/Optometrist,off,Vovchans’k,1,Wordpedia
Konstantine Mouncher,Exercise physiologist,on,Cairo,1,Zoomcast
Marcile Doak,Nephrologist,off,Sebewe,3,Rhybox
Aeriela Jellis,Exercise physiologist,on,General Guido,5,Devshare
Rodolfo Blenkinsopp,Nephrologist,off,Heku,2,Kamba
Skippie Blacktin,Primary care provider,off,Mocajuba,3,Jatri
Courtney Gawthorp,Pharmacist,off,Kostanay,2,Feedspan
Bellanca Creaser,Pharmacist,off,Sovetskaya,4,Tagpad
Jolynn Benardet,Pharmacist,off,Shilong,4,Flipopia
Elbertine Boodell,Registered dietitian,off,San Ramón,1,Oyoyo
Zora Lanfere,Pharmacist,on,Chengzhong,3,Einti
Josepha Gearty,Ophthalmologist/Optometrist,off,Rodniki,1,Voonder
Kalle Florez,Mental health professional,off,Vir,1,Jaxworks
Harper Cantor,Mental health professional,off,Beringovskiy,3,Babbleopia
Jaquelin Piken,Pharmacist,off,Hartford,4,Twitterwire
Elyn Howsley,Podiatrist,on,Krajan Atas Suger Lor,1,Quatz
Ansel Plackstone,Nephrologist,on,Chaka,4,Zoomlounge
Flori Slesser,Ophthalmologist/Optometrist,off,Alcorriol,4,Yacero
Maurine Coppen,Podiatrist,on,Topory,2,Livepath
Seymour Kenningley,Nephrologist,on,Kokembang,2,Vidoo
Blane Wallworke,Podiatrist,off,Zhenyuan,4,Meembee
Haily Mellon,Diabetes care and education specialist,on,Shicheng,3,Feednation
Gilles Cowterd,Endocrinologist,off,Gesikan,3,Rhyloo
Shirline Vasse,Mental health professional,on,Ferdinandovac,1,Browseblab
Liliane Pleavin,Diabetes care and education specialist,on,Karangpawitan,1,Meedoo
Doretta Bridell,Pharmacist,on,Virginia,3,Twitterlist
Yovonnda Sudron,Podiatrist,off,San Rafael,3,Gabtype
Etta Ruckhard,Endocrinologist,off,Quebrada Larga,1,Brainverse
Adriane Verdey,Mental health professional,off,Mucurapo,3,Dabshots
Addi Chowne,Primary care provider,on,Beauharnois,2,Cogibox
Renado Haydn,Exercise physiologist,off,Açu,4,Demizz
Blithe Prudham,Primary care provider,off,Luodian,3,Jayo
Kerri Horribine,Ophthalmologist/Optometrist,on,Dalam,5,Photobug
Bee Gajownik,Exercise physiologist,off,Maiwal,2,Oba
Fremont Fetherstonhaugh,Ophthalmologist/Optometrist,off,Koshki,2,Skalith
Inge Murby,Ophthalmologist/Optometrist,on,Kuafeu,4,Photolist
Carie Starmore,Podiatrist,on,San Francisco,4,Podcat
Jone Bidnall,Podiatrist,on,Tallahassee,5,Babbleset
Gregor Gilloran,Primary care provider,off,Casal,5,Avamba
Weston Sywell,Pharmacist,off,Loreto,1,Blogspan
Valentijn Skyme,Diabetes care and education specialist,off,Honolulu,1,Topdrive
Zorine Broun,Pharmacist,on,Motong,5,Abatz
Lena Turfitt,Registered dietitian,on,Dabou,1,Mycat
Rorie Potten,Pharmacist,off,Honglan,3,Ozu
Edlin Astlett,Podiatrist,on,Nyzhni Petrivtsi,2,Bubblebox
Fran Klink,Pharmacist,on,Banjarbaru,5,Zoombeat
Bernardina Thys,Nephrologist,on,Kaniów,1,Browsetype
Lizzie Gouldstraw,Primary care provider,on,Loučná nad Desnou,5,Quimba
Jean Gonin,Exercise physiologist,on,Setonokalong,2,Avaveo
Dane Staves,Endocrinologist,on,Liushi,4,Topdrive
Reeba Buttress,Mental health professional,off,Granada,1,Trilia
Celestina Phoebe,Diabetes care and education specialist,on,Lacolle,2,Zoombeat
Heywood Wife,Endocrinologist,off,Xiangcunxiang,5,Jamia
Korrie Antoniades,Ophthalmologist/Optometrist,off,Galátsi,5,Brainlounge
Eddy Brassington,Mental health professional,off,Rio das Pedras,3,Shufflebeat
Erina Schrinel,Nephrologist,off,Grevená,3,Tagpad
Durand Einchcombe,Pharmacist,on,Huagang,2,Skyba
Frank Gonnet,Registered dietitian,on,Irákleia,4,Quinu
Sharla Jina,Primary care provider,off,Borik,5,Dabshots
Carin MacPake,Ophthalmologist/Optometrist,off,Salakuray,3,Fatz
Alene Greasley,Exercise physiologist,on,Palma De Mallorca,1,Browseblab
Skipper Amor,Pharmacist,off,Hongsipu,2,Browseblab
Casandra Binge,Pharmacist,on,La Rochelle,4,Dazzlesphere
Bard Priest,Ophthalmologist/Optometrist,on,Großklein,2,Wordtune
Thia Hazelgrove,Nephrologist,off,Zabierzów,5,Dabjam
Catlin Angrave,Primary care provider,off,Jardim do Seridó,3,Vinder
Melvyn Bartkowiak,Podiatrist,on,Lacolle,5,Fivechat
Nady O'Halleghane,Exercise physiologist,off,Nnewi,5,Zoovu
Kareem McCartan,Podiatrist,off,Shebekino,5,Pixonyx
Pierson Koubek,Endocrinologist,on,Thulamahashi,1,Dabtype
Eustace Treuge,Endocrinologist,on,San Carlos de Bolívar,5,Linktype
Marianne Cotterell,Registered dietitian,on,La Vega,2,Realmix
Angus Cokayne,Primary care provider,off,Jaboticabal,3,Centimia
Kip Ginni,Endocrinologist,off,Boston,4,Voolith
Jules Huddlestone,Nephrologist,on,Göteborg,2,Npath
Amalita Alexsandrov,Exercise physiologist,on,Huaqiu,5,Avaveo
Emmott Comello,Podiatrist,on,Leribe,2,Tagcat
Iris Domengue,Podiatrist,off,Xingang,4,Feedspan
Isiahi Hamberstone,Nephrologist,on,Mahdalynivka,2,Feedbug
Megen Mulqueeny,Endocrinologist,on,Azun Atme,5,Youspan
Sammie Romanin,Exercise physiologist,on,Kongoussi,3,Rhycero
Sashenka Attfield,Primary care provider,on,Karpinsk,5,Rhybox
Celestyna Jelfs,Endocrinologist,on,Cigaras,1,Eire
Carlen Capey,Registered dietitian,off,Santa Catarina Barahona,3,Oyoba
Netty D'Elia,Mental health professional,off,Rockford,1,Brainlounge
Trev Myatt,Nephrologist,off,Alegria,4,Gabtype
Sherman Brick,Diabetes care and education specialist,off,Lionel Town,3,Jabberstorm
Alana Lalevee,Exercise physiologist,on,Benito Juarez,2,Plajo
Rey Caw,Ophthalmologist/Optometrist,on,Guangdu,3,Brightdog
Maitilde Rembaud,Registered dietitian,off,Replot,1,Jabbersphere
Gail Annott,Pharmacist,off,Liminka,2,Dynava
Lorrie Bullin,Exercise physiologist,on,Mollepampa,3,Eazzy
Idette Badger,Nephrologist,off,Tembau,2,Mudo
Mercedes Desmond,Pharmacist,off,Nuoxizhi,3,Dynabox
Rodolphe Muller,Exercise physiologist,on,Yingcui,4,Myworks
Waring Baggaley,Registered dietitian,on,Jutiapa,2,Fatz
Rani MacCombe,Primary care provider,off,Bronnitsy,5,Gigabox
Belicia Squeers,Nephrologist,on,Annecy,2,Muxo
Nerita Willwood,Nephrologist,on,Rashaant,2,Kazu
Torry Brocking,Pharmacist,off,Birigui,4,Blogtag
Jocelyne Mulvany,Diabetes care and education specialist,off,Leuwibuleud,4,Dynazzy
Henrieta Oldmeadow,Registered dietitian,on,Biñan,5,DabZ
Patty Howlings,Diabetes care and education specialist,off,Metz,4,Demivee
Levin Haukey,Pharmacist,on,Las Toscas,1,Omba
Rolland Barns,Registered dietitian,off,Nankang,3,Oyondu
Stella Siebert,Nephrologist,off,Wanling,2,Trudoo
Guillermo Eilert,Exercise physiologist,off,Bálsamo Oriental,4,Blognation
Mauricio Bouchier,Endocrinologist,on,Geneng Tengah,5,Skyvu
Desi MacFall,Exercise physiologist,on,Islāmkot,1,Jabbercube
Odie Farguhar,Registered dietitian,off,Kwaluseni,3,Topiczoom
Thadeus Menham,Ophthalmologist/Optometrist,off,Tacna,4,Kwinu
Mattias Caulcott,Pharmacist,off,El Salitre,3,Zava
Marcile Verillo,Nephrologist,on,Gaojimiao,1,Dabvine
Dona Peirpoint,Diabetes care and education specialist,on,Ponoka,3,Skalith
Albert Nice,Mental health professional,on,Lughaye,4,Yabox
Fairleigh Driver,Diabetes care and education specialist,off,Fómeque,2,Npath
Osmund Hissie,Endocrinologist,on,Willowdale,5,Voonte
Ashlee Jarmain,Ophthalmologist/Optometrist,on,Gunem,2,Skinte
Bridget Gibbonson,Endocrinologist,off,Kuznechikha,1,Browsedrive
Arlan Bradie,Pharmacist,on,Spring,3,Photolist
Nikolia Teliga,Primary care provider,off,Kota Kinabalu,1,Jabberstorm
Odey Sutherland,Primary care provider,on,Wuppertal,3,Divape
Thurston Lammerts,Ophthalmologist/Optometrist,on,Levuka,4,Jabbercube
Gay Chazotte,Registered dietitian,on,Shkotovo,2,Zoozzy
Shane Alanbrooke,Podiatrist,on,Perth,1,Jaxworks
Shurwood McAnulty,Pharmacist,on,Ikongo,3,Skyble
Dennie Enterlein,Nephrologist,on,Colquechaca,2,Meembee
Tandi Maughan,Diabetes care and education specialist,off,Zhushan Chengguanzhen,5,Bluezoom
Alisa Dawdry,Mental health professional,off,Kutacane,4,Gabspot
Orelia Simonnet,Ophthalmologist/Optometrist,on,Toki,4,Devcast
Allayne Marsham,Pharmacist,on,Mulchén,5,Skibox
Berty Yakovl,Exercise physiologist,off,Jami,4,Feedfish
Rodrique Ritchman,Exercise physiologist,off,Knjazevac,2,Browsezoom
Wynny Sorton,Mental health professional,off,Baihe,2,Realcube
Belle Gosby,Exercise physiologist,on,Kvartsitnyy,5,Thoughtsphere
Patrizia Flello,Pharmacist,off,Cardal,1,Brainverse
Hall Gadsby,Exercise physiologist,on,Macia,3,Teklist
Nedda Rimmer,Podiatrist,off,Vardane,2,Midel
Carita Alexandrescu,Podiatrist,on,Sande São Lourenço,1,Aimbo
Archibold Andrioni,Registered dietitian,off,Shendang,1,Shufflester
Jerrie Syalvester,Mental health professional,off,Qiryat Shemona,3,Flipstorm
Cherri Gunthorpe,Ophthalmologist/Optometrist,on,Bangan-Oda,5,Photobean
Shanda Gayne,Ophthalmologist/Optometrist,on,Sukonolo Krajan,2,Npath
Tanitansy Ajsik,Ophthalmologist/Optometrist,off,Sơn Tây,2,Eire
Sofie Rameaux,Diabetes care and education specialist,on,Nový Bydžov,2,Chatterpoint
Christina Brychan,Exercise physiologist,off,Prawdzinski,3,Oyoloo
Vanya Wilgar,Podiatrist,off,Mingguang,3,Topicshots
Sibyl Asch,Exercise physiologist,off,Donetsk,5,Brainverse
Bellina Scimoni,Mental health professional,on,Yongning,3,Jatri
Ruttger Eveling,Pharmacist,off,Gaokan,1,Centidel
Artemas Witcherley,Podiatrist,off,Hongos,1,Yodel
Marlee Chrisp,Nephrologist,off,Jindong,5,Minyx
Bettine Rottgers,Nephrologist,off,Tarub,4,Zava
Stephana Labroue,Diabetes care and education specialist,off,Palaífyto,3,Voolith
Rowland Heggs,Pharmacist,off,Nowe Warpno,1,BlogXS
Noam Baribal,Endocrinologist,off,Nuing,3,Vinder
Carlee Patterfield,Nephrologist,on,Los Angeles,2,Tambee
Julius Ussher,Mental health professional,off,Mandalgovi,5,Feedmix
Rochella Matyukon,Primary care provider,on,Giồng Trôm,4,Skilith
Torrie Dockwra,Ophthalmologist/Optometrist,off,Jaru,1,Brainlounge
Vaughn Matteoli,Exercise physiologist,off,Kediri,4,Ailane
Rockwell Stanbridge,Podiatrist,off,Kihangara,2,Kwinu
Morey Arcase,Mental health professional,off,Cocachacra,4,Linktype
Jenna Linscott,Endocrinologist,on,Raub,5,Muxo
Kerby Steptoe,Primary care provider,off,Újezd,2,Dabtype
Madelaine Spohrmann,Exercise physiologist,on,Lyon,3,Mudo
Vicki Gittens,Pharmacist,on,Shijing,3,Flipstorm
Beret Coetzee,Registered dietitian,on,Bayan,2,Trilia
Marrilee Westover,Primary care provider,off,Benešov,4,Myworks
Perkin Hunday,Ophthalmologist/Optometrist,on,Lagos da Beira,3,Flipstorm
Gabriela Davidoff,Pharmacist,off,Pingdingshan,1,Thoughtsphere
Ingrim Adnet,Exercise physiologist,off,Lalauigan,3,Shuffledrive
Hadrian Laybourn,Primary care provider,off,Fresnes,3,Kaymbo
Yorker Crehan,Pharmacist,on,Longjie,4,Mudo
Ivie Aburrow,Registered dietitian,off,Nerekhta,5,Rhynyx
Adara Degoix,Mental health professional,off,Kolno,1,Realmix
Risa Sturgess,Mental health professional,on,Inuyama,3,Jabberbean
Grantley Rocca,Pharmacist,off,Seredyna-Buda,5,Skinte
Massimiliano Siddele,Pharmacist,on,Los Lotes,3,Jabberbean
Helga Rojel,Exercise physiologist,off,Krajan Kidul Rojopolo,1,Realcube
Marquita Pullin,Pharmacist,off,Larap,5,Flashset
Dexter Maguire,Mental health professional,off,Daitou,5,Fivechat
Katerina Massow,Mental health professional,on,Majan,2,Blogtags
Fianna Gergely,Diabetes care and education specialist,off,Somdet,1,Devify
Sheilah Oldam,Endocrinologist,off,Santa Teresita,5,Flashset
Allan Treadway,Exercise physiologist,on,Wangcao,5,Roombo
Elizabeth Piggot,Mental health professional,on,Sremska Mitrovica,4,Eazzy
Hendrik Wishart,Nephrologist,off,Živinice,4,Feednation
Belicia Todman,Endocrinologist,off,Virginia,1,Dynava
Arel Sultana,Podiatrist,on,Magisterial,5,Oloo
Melony Balnave,Exercise physiologist,off,Katav-Ivanovsk,4,Trudoo
David Laban,Pharmacist,off,Bandung,5,Zoomdog
Karyn Bertholin,Mental health professional,on,Delingha,5,Mydo
Catherin Labrow,Pharmacist,off,Moinhos,1,Thoughtworks
Carline Fells,Podiatrist,off,Samajie Ewenkeminzu,1,Muxo
Tad Arndell,Exercise physiologist,on,Trinidad,4,Omba
Loraine Shirlaw,Pharmacist,on,Jianguang,1,Innotype
Max Larvent,Diabetes care and education specialist,on,Krian,1,Tanoodle
Sosanna Tuftin,Diabetes care and education specialist,on,Ballitoville,4,Topiczoom
Lilia Leap,Exercise physiologist,off,Bulawayo,2,Jaxnation
Lind Lapley,Pharmacist,off,Bouca,3,Flipopia
Eldin Gaines,Podiatrist,off,Matão,5,Riffwire
Dominique Lemmertz,Exercise physiologist,on,Néa Plágia,4,Quinu
Delila Karpmann,Exercise physiologist,off,Itsandzéni,2,Abatz
Pearce Haskew,Exercise physiologist,off,Dzyatlava,3,Bluezoom
Morgen Sharram,Registered dietitian,off,Podgorenskiy,4,Livetube
Winnie Dibdin,Exercise physiologist,on,Siak Sri Indrapura,1,Devpoint
Agustin Ravelus,Nephrologist,off,Sidi Redouane,5,Jabbercube
Jacynth Pritchett,Diabetes care and education specialist,off,Selaawi,4,Flashspan
Barrett Hattigan,Diabetes care and education specialist,on,Rossosh’,1,Pixope
Brodie Cabane,Podiatrist,off,Paris 01,2,Voonyx
Minne Whittick,Ophthalmologist/Optometrist,on,Höshigiyn-Ar,1,Mymm
Jim Gammons,Registered dietitian,off,Svoboda nad Úpou,3,Yodo
Josiah Bleiman,Podiatrist,off,Tsapêraī,1,Layo
Dick Eymer,Endocrinologist,on,Moshkovo,5,Vinder
Sybille Carnoghan,Registered dietitian,on,Grabów,2,Dynazzy
Shirleen Awmack,Pharmacist,on,Špišić-Bukovica,2,Teklist
Kiri Kennagh,Podiatrist,on,Baima,4,Agivu
Adelind McCowen,Podiatrist,off,Kapsan-ŭp,3,Aibox
Matthus Burnside,Pharmacist,on,Orurillo,3,Trudoo
Jeremiah Bransden,Mental health professional,on,Jiefang,5,Gabtype
Marilee Early,Pharmacist,on,Tyachiv,2,Gabspot
Cedric Prettyjohns,Podiatrist,off,Lidingö,3,Zoonoodle
Stephie Chidzoy,Podiatrist,off,Simeykyne,1,Buzzdog
Maggee Pourveer,Ophthalmologist/Optometrist,on,Nanyuki,4,Oyoloo
Rebecca Kiely,Ophthalmologist/Optometrist,on,Zyryanovsk,4,Wordify
Dannie Gerriessen,Mental health professional,off,Santana do Paraíso,2,Lazz
Wye Downage,Diabetes care and education specialist,off,Khuan Don,4,Eazzy
Raff Pesak,Mental health professional,on,Oskarshamn,1,Twimbo
Pietro Lebell,Primary care provider,off,Buriwutung,3,Quimm
Minette Ibbotson,Primary care provider,on,Mojorembun,3,Plajo
Marianna Mangeney,Endocrinologist,on,Maoyang,2,Plajo
Hector Radin,Primary care provider,off,Dagda,4,Kwideo
Gianni Aldam,Exercise physiologist,on,Samdrup Jongkhar,1,Twitterbridge
Syd Ridde,Podiatrist,on,Qaxa,1,Tazzy
Thebault Bodycomb,Pharmacist,off,Mancilang,3,Fiveclub
Francesca Pavolini,Diabetes care and education specialist,off,Presa,2,Ailane
Charlot Dyerson,Pharmacist,off,Kuwait City,5,Youfeed
Goldia Garrish,Primary care provider,off,Miragoâne,1,Yombu
Winifred Sworne,Diabetes care and education specialist,on,Ikey,3,Youopia
Nevin Rheubottom,Mental health professional,on,Jokkmokk,1,Avaveo
Artemis Henderson,Diabetes care and education specialist,off,Qiucun,5,Lajo
Cornie Theodore,Ophthalmologist/Optometrist,off,Lazaro Cardenas,5,Blogpad
Lurette Lindwasser,Nephrologist,on,Huyuan,3,Gabvine
Gareth Hordell,Primary care provider,on,Naukšēni,5,Skidoo
Abelard Milland,Diabetes care and education specialist,off,Denyshi,3,Twitternation
Merridie Bolgar,Ophthalmologist/Optometrist,off,Krajan Pundungsari,5,Meetz
Wilona Gibberd,Primary care provider,on,Guyam Malaki,4,Quaxo
Arlina Watkiss,Registered dietitian,on,Abejorral,5,Viva
Hadlee Stubbin,Ophthalmologist/Optometrist,on,Shingū,4,Reallinks
Sylvia Feckey,Podiatrist,on,Belsk Duży,3,Realbuzz
Melba Sertin,Primary care provider,off,Piraí,5,Dablist
Karoly Graalmans,Exercise physiologist,on,Weibin,3,Skidoo
Cristiano O'Callaghan,Primary care provider,off,Minyat an Naşr,1,Cogidoo
Gratiana Turtle,Ophthalmologist/Optometrist,off,Donghoufang,1,Flashpoint
Verne Lapsley,Primary care provider,on,Caijiapu,4,Fliptune
Vern Davitt,Podiatrist,off,Maluanluan,2,Brightbean
Josephine Bourley,Diabetes care and education specialist,on,Hecheng,4,Riffpedia
Mateo Mille,Mental health professional,off,Reims,2,Fliptune
Kellyann Harman,Ophthalmologist/Optometrist,on,Qufu,1,Oyoba
Allard Narducci,Pharmacist,off,Dimitrovgrad,5,Nlounge
Emilie Mollnar,Ophthalmologist/Optometrist,off,Lengshuitan,5,Voomm
Norry Seamen,Exercise physiologist,on,Donja Dubica,2,Realpoint
Almire Robottham,Exercise physiologist,off,Tiron,5,Flipbug
Raul Billingsly,Primary care provider,on,Zhongyuanlu,1,Skimia
Keefe Louche,Registered dietitian,on,Saint-Quentin-en-Yvelines,1,Tagfeed
Annmaria Colly,Diabetes care and education specialist,on,Gros Morne,5,Izio
Arther Graeber,Pharmacist,off,Huanggang,1,Nlounge
Boyce Dur,Primary care provider,off,Owerri,4,Jabberbean
Alix Dunckley,Primary care provider,on,Andradina,3,Yadel
Maximo Feavyour,Nephrologist,on,Tissa,2,Realblab
Carleton Hawket,Exercise physiologist,off,Buruanga,1,Eamia
Stormi Gouldeby,Registered dietitian,off,Mostek,4,Ozu
Fionna Shadrack,Registered dietitian,off,Baturité,1,Cogidoo
Elane Jakubowski,Pharmacist,on,Glafirovka,3,Flashpoint
Coleen McIsaac,Endocrinologist,off,Pingfeng,4,Brightdog
Leena Goodrich,Ophthalmologist/Optometrist,off,Oyama,5,Cogidoo
Berkly Runacres,Nephrologist,on,Yushan,5,Jatri
Ray Wisniowski,Registered dietitian,off,Mungyeong,1,Jaxnation
Zonnya Knowlson,Diabetes care and education specialist,off,Monjarás,1,Jabberstorm
Tiphanie Suggett,Mental health professional,off,Tandaltī,1,Rooxo
Shirlee Tatem,Registered dietitian,off,Lublin,3,Tekfly
Vladamir Briddock,Primary care provider,off,Immātīn,2,Meevee
Normie Jenckes,Endocrinologist,on,Blagoveshchensk,2,Bluezoom
Taber Thormann,Diabetes care and education specialist,on,Handa,4,Skajo
Cassandry Bolsover,Nephrologist,on,Dunkerque,4,Babblestorm
Raf Bodimeade,Nephrologist,off,Krajan Tengah,5,Abata
Lezley Halwood,Mental health professional,on,El Águila,5,Skimia
Jo Blundell,Registered dietitian,off,Cheping,2,Oyonder
Jemimah Marcham,Mental health professional,on,Maicao,4,Topiczoom
Marney Fivey,Endocrinologist,off,Chilliwack,1,Tanoodle
Lionello Cahalan,Exercise physiologist,on,New Sibonga,3,Eabox
Claudie Halligan,Pharmacist,off,Lipovci,5,Kwilith
Antoni Janaszkiewicz,Registered dietitian,off,Shadili,2,Jabberbean
Austine Alentyev,Ophthalmologist/Optometrist,on,Nyazepetrovsk,5,Meevee
Kimball Gillett,Podiatrist,off,Digos,3,Topdrive
Sallyann Spawell,Registered dietitian,off,Manalad,1,Jaxspan
Bobbi Tribe,Nephrologist,off,Guazhou,5,Yakitri
Hy Sullly,Podiatrist,on,Gabi,4,Livetube
Mitchael Doylend,Endocrinologist,off,Tiksi,4,Babbleblab
Alfredo Pestor,Endocrinologist,off,Jingguan,5,Edgeblab
Prentice Edbrooke,Podiatrist,on,Paris 18,3,Youbridge
Jannelle Zanetto,Mental health professional,on,Rosetta,5,Yakidoo
Shalne Walch,Diabetes care and education specialist,off,Aurora,5,Rhybox
Carolann Singh,Diabetes care and education specialist,off,Kamárai,5,Quinu
Guillema Rabbage,Podiatrist,off,Tateyama,5,Rooxo
Mortimer Rowler,Nephrologist,off,Isnos,5,Ntags
Marjie Boorn,Mental health professional,on,Zhangfang,2,Quatz
Ashleigh Earl,Registered dietitian,off,Aūa,1,Babbleset
Justinian Della Scala,Nephrologist,off,Jāsim,2,Zoozzy
Waylon Tuff,Primary care provider,on,A’ershan,1,Twitternation
Reilly Giamelli,Primary care provider,on,Tomelilla,4,Voomm
Parsifal Craigheid,Mental health professional,off,Avon,3,Centizu
Cozmo Thornthwaite,Endocrinologist,on,Tānsen,3,Agivu
Rori Hun,Podiatrist,on,Varberg,2,Divavu
Domini Amis,Nephrologist,off,Alpatovo,5,Dazzlesphere
Ty Swait,Mental health professional,on,Paitan,5,Twiyo
Baxie Chad,Podiatrist,off,Dongqu,3,Yodel
Tiffy Roath,Nephrologist,on,Urus-Martan,5,Katz
Lizzy Bowcher,Podiatrist,off,Capitán Bermúdez,3,Voonte
Christie Jermyn,Nephrologist,off,Ballisodare,3,Divavu
Fanni Exall,Podiatrist,on,Cordeiro,3,Thoughtbeat
Rhoda Drakes,Ophthalmologist/Optometrist,off,Bahāwalnagar,4,Photojam
Zebulon Bristo,Podiatrist,off,Besukrejo,3,Yozio
Patience Cassey,Endocrinologist,off,Borgo Maggiore,3,Topiczoom
Burl Gribbins,Primary care provider,off,Jaguarão,1,Chatterbridge
Donall Gludor,Mental health professional,on,Barlinek,2,Roombo
Pebrook Harefoot,Mental health professional,off,Allkaj,1,Yodoo
Jane Locarno,Podiatrist,off,Libu,2,Innojam
Neille Thorouggood,Podiatrist,on,Qaryat ad Da‘īs,5,Kanoodle
Kalila Vanezis,Exercise physiologist,on,Ōtawara,1,Yakitri
Joelle Ballance,Mental health professional,off,Sabana Grande,5,Thoughtblab
Logan Djorvic,Nephrologist,on,Cibunar,2,Meembee
Luther Bickers,Exercise physiologist,on,Asbestos,5,Meemm
Wittie De Hailes,Endocrinologist,off,Tours,5,Shuffledrive
Hillel Allbones,Endocrinologist,off,Kesugihan,5,Ntag
Joycelin Bendel,Podiatrist,off,Tombatu,3,Tagpad
Roby Painter,Exercise physiologist,off,Sabang,3,Skinte
Amy Floris,Registered dietitian,on,Baton Rouge,3,Leenti
Druci Weald,Ophthalmologist/Optometrist,off,Macheng,3,Topiczoom
Josefina Raleston,Mental health professional,on,Grenoble,4,DabZ
Dari Compford,Exercise physiologist,off,Lihu,5,Oyoyo
Bradly Soaper,Endocrinologist,on,Plandirejo,4,Aibox
Zachary Crosskell,Registered dietitian,on,Hallstavik,3,Youtags
Wilone Vittery,Pharmacist,on,San Francisco de Yare,3,Wordtune
Lexis Duval,Podiatrist,on,Ferreira do Zêzere,2,Dablist
Idelle Vanner,Registered dietitian,off,Gonghe,3,Livetube
Culley Cheverell,Nephrologist,on,Lovrenc na Pohorju,3,Edgewire
Claiborne Stolting,Exercise physiologist,off,Miðvágur,2,Npath
Benoite Hamnett,Endocrinologist,off,Pristina,4,Geba
Charmion O'Carran,Ophthalmologist/Optometrist,off,Sobienie Jeziory,2,Yakidoo
Winslow McCooke,Pharmacist,on,Aniva,1,Talane
Tallie Smithend,Ophthalmologist/Optometrist,off,Drohobych,3,Devpulse
Cristionna Jaukovic,Ophthalmologist/Optometrist,on,Nice,4,Ntags
Sloan Robertet,Pharmacist,off,Gjinkar,1,Fliptune
Allyce Essery,Mental health professional,on,Bolo,4,Aimbu
Curcio Kaman,Ophthalmologist/Optometrist,off,Pirapozinho,2,Thoughtworks
Lanae Rouke,Primary care provider,off,Lincheng,2,Ooba
Elna Henric,Mental health professional,off,Zhaodong,5,Ooba
Seward Lowrance,Diabetes care and education specialist,off,Cadiz,5,Kaymbo
Hildy Silburn,Mental health professional,on,Zemio,5,Thoughtstorm
Cleon Wheowall,Diabetes care and education specialist,on,Smętowo Graniczne,1,Skaboo
Jeffie Schroter,Primary care provider,off,Bali,5,Leenti
Oswell Buttle,Diabetes care and education specialist,off,Xinjia,3,Brainbox
Helene Corrin,Exercise physiologist,on,Đắk Mil,4,Buzzshare
Rosemarie McWhinnie,Mental health professional,off,Mislīyah,4,Digitube
Sherri Haliday,Registered dietitian,off,Tabunok,2,Dynabox
Tine Capponeer,Pharmacist,on,Dłutów,5,Skyvu
Korrie Swarbrick,Primary care provider,off,Pumwani,2,Tazzy
Jemmy Morison,Mental health professional,on,Zheleznogorsk,5,Yacero
Husein Lembcke,Podiatrist,off,Sabanalarga,2,Voomm
Rudyard Roust,Exercise physiologist,on,Huotian,4,Meeveo
Bobbie Meacher,Diabetes care and education specialist,off,Ustupo,1,Ooba
Bibbye Cleave,Endocrinologist,off,Shiki,3,Rooxo
Katharine Hedling,Primary care provider,off,Barcelona,5,Realbridge
Caressa Avrashin,Mental health professional,on,Pushkinskiye Gory,2,Lajo
Cozmo Tooley,Ophthalmologist/Optometrist,off,Skotoússa,1,Meevee
Janka Wellstead,Ophthalmologist/Optometrist,off,Zemio,3,Gabvine
Trenton Clerk,Primary care provider,off,Mabayo,3,Vinte
Ethel Sneller,Ophthalmologist/Optometrist,off,Xiashe,1,Dynabox
Orlando Grzelczyk,Nephrologist,on,Česká Skalice,5,Rhybox
Inez Bulfit,Exercise physiologist,off,Nieszawa,3,Topicware
Lutero Ellar,Nephrologist,off,Belisario Dominguez,2,Leexo
Kaylee Beagles,Ophthalmologist/Optometrist,on,Huangmei,3,Podcat
Hanna Adkin,Nephrologist,on,Fuxing,2,Eadel
Vivi Borzoni,Ophthalmologist/Optometrist,off,Tsagaan-Owoo,5,Wordify
Ileana Fautley,Nephrologist,on,Ayní,5,Tagcat
Beitris Gilchrest,Exercise physiologist,on,Panalingaan,4,Feedfire
Hilario Szwarc,Pharmacist,off,Samagaltay,4,Einti
Waylen Avey,Primary care provider,on,Kowale Oleckie,5,Shufflester
Abbie Strippling,Nephrologist,on,Sumberan,2,Voonte
Sarita Woodwind,Diabetes care and education specialist,on,Subottsi,1,Buzzbean
Norby Voce,Mental health professional,on,Novaya Lyalya,5,Meevee
Germana Carrabott,Diabetes care and education specialist,off,Kyperoúnta,5,Twitterlist
Kristy Buncher,Mental health professional,on,Muroto-misakicho,2,Dabvine
Frannie Isted,Exercise physiologist,on,Puutura,1,Jabbersphere
Floris Klementz,Pharmacist,on,Annecy,1,Skinder
Ryann Thomsen,Mental health professional,on,San Miguel,5,Skiptube
Rani Croker,Mental health professional,on,Zongjia,4,Thoughtbridge
Shelagh Lazar,Pharmacist,on,Jatipamor,5,Fiveclub
Caressa Scargle,Registered dietitian,on,Dongdajie,3,Mynte
Janie Lifsey,Ophthalmologist/Optometrist,on,Les Abymes,1,Trudeo
Orly Comar,Exercise physiologist,off,Negara,4,Zooxo
Junia Perillo,Nephrologist,on,Huacheng,5,Rhycero
Chrisse Blackesland,Registered dietitian,off,Yokotemachi,5,Feedfire
Allianora Wickwarth,Diabetes care and education specialist,on,Weixin,5,Camimbo
Ky Oventon,Registered dietitian,on,Mtwango,4,Blogspan
Parrnell Klimkin,Ophthalmologist/Optometrist,on,Mora,1,Bubbletube
Gibby O'Brian,Nephrologist,on,Gurra e Vogël,5,Divanoodle
Emyle Lideard,Podiatrist,on,Aix-en-Provence,2,Centimia
Hermy Wardington,Diabetes care and education specialist,off,Shanhaiguan,5,Lazzy
Jim Tutton,Nephrologist,off,Osa,1,Centimia
Aharon Hitter,Mental health professional,on,Mospyne,2,Blogspan
Cecil Ruzek,Mental health professional,off,Liudaogou,1,Devpulse
Keary Robiou,Diabetes care and education specialist,on,Bromma,3,Photobean
Magdalene Hobbema,Podiatrist,on,Jiashi,1,Vinte
Sammy Lease,Diabetes care and education specialist,on,Ban Houayxay,3,Oyonder
Leanora McGaugey,Mental health professional,on,Welibo,4,DabZ
Lenna McCromley,Primary care provider,on,Stizhkivs’ke,3,Jabbersphere
Edouard McIlmorie,Ophthalmologist/Optometrist,on,Bayaguana,5,Jabberbean
Rorke Dicks,Primary care provider,on,Sandaohezi,2,Buzzster
Katrina Bending,Mental health professional,off,Punta Gorda,4,Babbleset
Jemimah Lenglet,Registered dietitian,off,Anping,1,Zoomcast
Nevsa Ughi,Ophthalmologist/Optometrist,off,Xiangtan,2,Kamba
Lindsey Ferrotti,Diabetes care and education specialist,on,Kara Suu,4,Dablist
Rubia Radmer,Mental health professional,off,Kedungbacin,3,Leexo
Byron Fountian,Mental health professional,off,Calheta,4,Jaloo
Adriane Matveyev,Registered dietitian,on,Sanzhang,3,Browsezoom
Frannie Cutts,Exercise physiologist,off,Ulan Us,1,Edgewire
Ignatius August,Podiatrist,off,Xinshan,2,Quatz
Barton Kelwick,Primary care provider,on,Hadano,5,Voolith
Kirsti Jeakins,Mental health professional,on,Tunzhai,3,Twitterbeat
Vanna Coop,Exercise physiologist,on,Baunu-Timbangan,2,Skynoodle
Ingra Yearnes,Pharmacist,on,Zaragoza,1,Eamia
Othella Solloway,Diabetes care and education specialist,off,Atlanta,3,Nlounge
Odella Vandenhoff,Ophthalmologist/Optometrist,off,Jönköping,4,Zoomzone
Allard Wroe,Ophthalmologist/Optometrist,on,Yunxi,3,Muxo
Waylen Andryushchenko,Exercise physiologist,on,San Andres,2,Kaymbo
Vonny Pigott,Primary care provider,off,Saubara,1,Jazzy
Gherardo Heims,Endocrinologist,on,Stockholm,5,Jabberstorm
Karlan Cobleigh,Podiatrist,on,Kajiki,3,Oloo
Sisile Tee,Registered dietitian,off,Las Heras,3,Devify
Reynolds Kolakovic,Registered dietitian,on,Sardasht,4,Feedfire
Jeanie Trail,Ophthalmologist/Optometrist,off,Ladysmith,3,Riffpath
Lilith Jamblin,Primary care provider,off,Malinovskiy,3,Livetube
Blake Turfus,Exercise physiologist,off,Niedźwiedź,4,Youbridge
Boycey Caldairou,Exercise physiologist,on,Patong,5,Eazzy
Hendrik Lamplough,Primary care provider,off,Zolotkovo,4,Dabshots
Casandra Riply,Nephrologist,on,Hausjärvi,3,Gabcube
Tabbie Accum,Nephrologist,on,Datun,5,Zooveo
Vernon Leyzell,Primary care provider,on,Laban,1,Gigabox
Jobyna Wingfield,Podiatrist,on,Sāh,4,Jatri
Kelwin Do Rosario,Registered dietitian,off,Xinheng,5,Buzzdog
Carmina Gherardi,Ophthalmologist/Optometrist,off,Anyuan,4,Gabspot
Tandie Theobold,Primary care provider,off,Kizil,3,Lajo
Maurine Bergstram,Podiatrist,on,San Juan,5,Bubblemix
Gannon Phythian,Registered dietitian,off,Dongjian,1,Lazzy
Flossie Baress,Pharmacist,off,Baturité,2,Oozz
Marian Thake,Ophthalmologist/Optometrist,off,Zürich,2,Fivebridge
Sigrid Sellick,Podiatrist,off,Sumqayıt,5,Wordtune
Ferdie Holdforth,Mental health professional,off,Kawambwa,5,Trilith
Carmita Coltman,Nephrologist,off,Ban Houakhoua,2,Jetwire
Pearce Seth,Endocrinologist,off,Sherbrooke,4,Jaloo
Jordana O'Rowane,Registered dietitian,off,Hengdian,5,Dabshots
Lynnette Lethibridge,Endocrinologist,off,Lingyuan,1,Skimia
Alys Dikelin,Podiatrist,off,Moss,4,Youspan
Maximo Thurner,Endocrinologist,on,Tetovo,4,Skynoodle
Eldredge Hukin,Mental health professional,off,Lāchi,3,Brainbox
Dorelia Bland,Registered dietitian,off,Västerås,4,Meemm
Nerta Perse,Registered dietitian,off,Binitayan,1,Tazzy
Claiborn Tribble,Podiatrist,on,Żabbar,4,Ailane
Thebault Hyams,Primary care provider,off,Tianfu,4,Blognation
Hallsy Fearnall,Pharmacist,off,Wakefield,1,Fivebridge
Krystalle MacRinn,Endocrinologist,on,Hacıqabul,1,Kare
Alleyn Bunt,Registered dietitian,on,Tominian,3,Vidoo
Massimiliano Leathers,Exercise physiologist,off,Leidschendam,4,Zoozzy
Jasen Olczak,Podiatrist,on,Dutsin Ma,2,Trilia
Vassily Overstreet,Mental health professional,on,Zheleznogorsk,2,Eimbee
Eustacia Hundall,Primary care provider,on,Tongshanxiang,5,Blogpad
Elinore Chewter,Diabetes care and education specialist,on,Lyuban’,1,Riffpath
Giustina Astell,Pharmacist,off,El Capulin,4,Brainverse
Caren Salters,Ophthalmologist/Optometrist,off,Oof,1,Eire
Dilan Clissold,Pharmacist,off,Chirilagua,3,Meeveo
Karlotta Chamberlain,Registered dietitian,on,Babakansari,2,Linkbridge
Delbert Flintoffe,Exercise physiologist,on,Mogok,5,Mybuzz
Bethanne Lukash,Primary care provider,off,Unión,2,Jabbertype
Sax Folds,Podiatrist,on,Baimiao,1,Ainyx
Ede Glasper,Mental health professional,on,Tamorong,3,Youopia
Bartolemo L'Episcopio,Podiatrist,off,Perené,3,Minyx
Bird Picard,Primary care provider,on,Gongnong,3,Topicblab
Nariko Melbury,Registered dietitian,on,Arnhem,3,Fivespan
Danell Montel,Ophthalmologist/Optometrist,on,Jermuk,3,Oyondu
Garwin Lackie,Podiatrist,off,Aragarças,1,Snaptags
Chloette Leynton,Ophthalmologist/Optometrist,off,Jingyang,5,Realmix
Howie Klossmann,Ophthalmologist/Optometrist,off,Ḩammām Damt,2,Eayo
Freddie Widd,Endocrinologist,off,Yangping,3,Cogidoo
Glen Hansen,Pharmacist,on,Det Udom,2,Divape
Laraine Wetton,Registered dietitian,off,Brniště,5,Tazz
Walton MacIver,Primary care provider,off,Colmar,4,Mydo
Dina Fowgies,Diabetes care and education specialist,off,Fort Lauderdale,2,Eabox
Dick Upstone,Exercise physiologist,on,Ramón Castilla,5,Fivebridge
Perry Hackleton,Nephrologist,off,Registro,4,Aivee
Clarence Fowkes,Nephrologist,on,Rozhdestveno,4,Skimia
Charmian Trustie,Mental health professional,on,Yuto,5,Browsebug
Linn McFee,Mental health professional,on,Yorosso,1,Babbleset
Bel Bendley,Primary care provider,off,Niihama,1,Eidel
Lammond Betton,Nephrologist,off,Siemianowice Śląskie,2,Feedspan
Lyle Mattke,Endocrinologist,off,Larkird,2,LiveZ
Geno Delos,Registered dietitian,on,Zhoujiang,5,Dabjam
Zita Chritchlow,Mental health professional,on,Fukiage-fujimi,5,Thoughtbeat
Eliza Petersen,Ophthalmologist/Optometrist,on,Gengcheng,3,Meeveo
Hank Giraudat,Ophthalmologist/Optometrist,on,Humaitá,5,Kwideo
Ermentrude Mabbett,Endocrinologist,off,Liangshuihe,2,Katz
Clayborne Goodsir,Podiatrist,on,Cikulina,1,Shufflester
Wittie Doornbos,Endocrinologist,on,Lianga,2,Rhybox
Jacquenette Bambrugh,Pharmacist,on,Amarete,3,Vinder
Dom Metzke,Registered dietitian,off,San Diego,5,Eidel
Dael Vince,Podiatrist,on,Janūb as Surrah,2,Leexo
Barret Scobie,Mental health professional,off,Nikopol,4,Mydeo
Garner Laity,Ophthalmologist/Optometrist,on,Iksan,1,Shufflester
Bronnie Milne,Nephrologist,off,Gongchenqiao,2,Chatterpoint
Ulrike Cuvley,Registered dietitian,off,Lianxia,4,Yata
Ema Khan,Podiatrist,on,Otyniya,1,Oozz
Roldan Bixley,Mental health professional,on,Przeworsk,5,Skinder
Lilia Gudgen,Primary care provider,on,Lupo,4,Flashspan
Berta Stroband,Nephrologist,off,Muraharjo,3,Skinix
Johannes Beales,Mental health professional,on,Sukomulyo,2,Kamba
Kissie Bendare,Primary care provider,off,Kukurečani,5,Skinder
Nisse Laxston,Exercise physiologist,off,Lynchburg,1,Kazu
Ingemar Marchand,Registered dietitian,off,Truskavets,1,Youbridge
Mathe Guppey,Registered dietitian,on,Pokrov,4,Vitz
Brenda Iliffe,Mental health professional,off,Itagüí,5,Quinu
Carmelina Barnewall,Podiatrist,on,Oka,5,Midel
Deloria Stainer,Primary care provider,off,Washington,4,Oba
Catriona Cadman,Diabetes care and education specialist,off,Horní Suchá,5,Quatz
Tab Pilgrim,Diabetes care and education specialist,on,Dawan,5,Quatz
Wolf Spenceley,Nephrologist,on,Ashford,4,Quatz
Chad Yuryev,Nephrologist,on,Jangheung,2,Gabtune
Jill Conibeer,Endocrinologist,on,Jifeng,1,Skidoo
Merlina Pendock,Pharmacist,off,Tuguan,3,Dablist
Charmian Ramalho,Pharmacist,on,Choa Saidān Shāh,3,Kamba
Eilis Tilmouth,Podiatrist,off,João Pinheiro,2,Twinder
Husein Booton,Exercise physiologist,on,Datar,3,Meetz
Cariotta Newnham,Exercise physiologist,off,Peristerona,3,Youopia
Kattie Huetson,Primary care provider,on,San Miguel Chicaj,5,Dynabox
Regan Donovan,Ophthalmologist/Optometrist,on,Cascavel,3,Fivespan
Tyson Slaten,Mental health professional,off,Dawei,2,Brightdog
Cherey Pafford,Primary care provider,on,Xianning,4,Zoonoodle
Ronny Back,Ophthalmologist/Optometrist,off,Yerba Buena,3,Reallinks
Yank Cadogan,Mental health professional,on,Altunemil,2,Snaptags
Gay McQuie,Podiatrist,on,Masākin,1,Twiyo
Thia Kippin,Diabetes care and education specialist,off,Lendava,4,Realblab
Felike Theriot,Registered dietitian,on,Houyu,1,Devpoint
Adela Windless,Exercise physiologist,off,Vitrolles,1,Browsecat
Tabby Rossander,Mental health professional,on,Singkir,5,Gabcube
Cindee Dawbery,Podiatrist,on,Qorveh,4,Livetube
Norby Fortnum,Mental health professional,off,Kura,1,Skivee
Karita Sprey,Ophthalmologist/Optometrist,off,Guayaramerín,3,Devpulse
Deerdre Braywood,Diabetes care and education specialist,off,Järfälla,4,Jabbersphere
Berty Goodley,Exercise physiologist,off,Metallostroy,1,Browseblab
Evangelia Handrik,Mental health professional,off,Pelem,2,Aibox
Josselyn Kulis,Registered dietitian,off,Tipo-Tipo,3,Voomm
Sadella Seldner,Podiatrist,on,Palangue,5,Twinte
Burk Konke,Exercise physiologist,on,Bilbays,4,Browsezoom
Obed Wayman,Exercise physiologist,on,Yanjiang,5,Photospace
Claudie Winterflood,Diabetes care and education specialist,off,Sanxi,3,Brightdog
Noak Snawdon,Pharmacist,off,Wolfville,4,Yodoo
Thebault Marvell,Ophthalmologist/Optometrist,on,Bayt ‘Awwā,5,Oyoloo
Dacie Blackhurst,Endocrinologist,off,Mangochi,2,Oodoo
Ethelyn Satterfitt,Mental health professional,off,Svetlyy Yar,1,Kwinu
Tara Dow,Ophthalmologist/Optometrist,off,Tahilt,4,Babbleopia
Selene Beams,Mental health professional,on,Gibato,5,Oyoloo
Mateo Doohey,Endocrinologist,on,Luoping,5,Gabcube
Barri Comerford,Endocrinologist,on,Qagan Obo,4,Quire
Wilmette Mailes,Podiatrist,on,Yala,2,Gigazoom
Giovanni Woodburne,Nephrologist,on,Nagrumbuan,1,Photojam
Mildrid Howroyd,Diabetes care and education specialist,on,Bolou,5,Tagchat
Auguste Emney,Exercise physiologist,on,Perth,3,Myworks
Domingo Joreau,Exercise physiologist,off,Dalu,5,Yamia
Simmonds Healy,Nephrologist,off,Suka Makmue,4,Yodo
Enrica Bettenson,Diabetes care and education specialist,off,Fengyang,1,Dynabox
Lockwood Waddy,Pharmacist,on,Fryanovo,4,Ozu
Gabriele Metheringham,Ophthalmologist/Optometrist,on,Boliney,2,Flashset
Lettie Prandini,Primary care provider,off,Santo Niño,1,Teklist
Tanitansy Shoorbrooke,Ophthalmologist/Optometrist,off,Quinipot,4,Buzzdog
Marcelle Glover,Pharmacist,off,Limón,5,Voonix
Nikolos Mapother,Mental health professional,on,Borzytuchom,4,Topiczoom
Ray Clousley,Primary care provider,on,Cesson,2,Janyx
Amalia Strangward,Pharmacist,on,Baliuag Nuevo,2,Voonder
Swen Spolton,Pharmacist,off,Palkino,5,Ainyx
Gerti Folca,Nephrologist,off,Xinxing,2,Mymm
Jammal Geere,Endocrinologist,on,Huangsha,4,Tagpad
Janis Acklands,Diabetes care and education specialist,on,Boroon,2,Ozu
Jazmin Oblein,Exercise physiologist,off,San Juan de Manapiare,2,Camido
Nellie Beisley,Exercise physiologist,off,Wolbrom,2,Viva
Anastassia Malicki,Exercise physiologist,off,Libu,3,Fivespan
Luciano Pallent,Exercise physiologist,off,Hafrsfjord,5,Yamia
Sherie Trathen,Endocrinologist,off,Cuiabá,3,Brightdog
Rafaelita Mulliner,Nephrologist,off,Lloque,2,Yoveo
Essa Targe,Registered dietitian,off,Seaforth,3,Oyope
Boniface Messenbird,Nephrologist,on,Kalinovskoye,4,Photolist
Sully Buggy,Podiatrist,on,Kassel,5,Realpoint
Magdaia Ansell,Nephrologist,off,Brušperk,2,Skipstorm
Ruthanne Zmitrichenko,Podiatrist,off,Himeji,2,Flashdog
Farr Gauford,Podiatrist,off,Hake,2,Photobug
Wye Hefner,Diabetes care and education specialist,off,Wushi,2,Trilith
Cirstoforo Schooling,Podiatrist,on,Barra do Garças,3,Kimia
Maurie Pear,Diabetes care and education specialist,off,Honglin,4,Minyx
Lenora Hobell,Registered dietitian,off,Det Udom,3,Gabtype
Bartholomeus Nawton,Pharmacist,off,Ganxi,4,Topicblab
Dode Dargie,Diabetes care and education specialist,on,Ágios Vasíleios,4,Photobug
Terrill Pilling,Registered dietitian,on,Borovskiy,2,Pixoboo
Harlin Bruckman,Ophthalmologist/Optometrist,on,Njivice,4,Skyvu
Leisha Vernazza,Mental health professional,on,Mojo,2,Wordtune
Eal Lines,Primary care provider,off,Groznyy,1,Youtags
Nerita Callinan,Primary care provider,on,Báguanos,1,Digitube
Sammie Orritt,Ophthalmologist/Optometrist,off,Okulovka,2,Realmix
Jamill Bygreaves,Pharmacist,off,Xitan,2,Dynazzy
Calla Shier,Endocrinologist,off,Napalitan,2,Ozu
Darbie Tulleth,Mental health professional,off,Gunjur,1,Brainverse
Micheline Bunch,Podiatrist,on,Caoxi,5,Tanoodle
Coletta Ferryman,Podiatrist,on,Laslovo,3,Skibox
Kayne Beavington,Mental health professional,on,Matam,3,Feedfish
Byrann Boddice,Pharmacist,on,Pujocucho,4,Oyoba
Welsh Plaschke,Diabetes care and education specialist,on,Jugezhuang,3,Skinix
Kissie McTurlough,Diabetes care and education specialist,on,Queniquea,3,Thoughtbeat
Abbey Sidney,Registered dietitian,off,Taiqing,5,Skalith
Peyter Levermore,Diabetes care and education specialist,on,Poljčane,2,Mita
Correy Petigrew,Registered dietitian,off,Krajan,3,Tagopia
Lyndsay Gettone,Mental health professional,on,Cinunjang,1,Yodo
Michale Tussaine,Pharmacist,on,Tepusteca,1,Shuffledrive
Jillana Christescu,Mental health professional,on,Al Quşayr,1,Yakijo
Kacie Bounds,Ophthalmologist/Optometrist,off,San Casimiro,5,Jamia
Wainwright Varndell,Ophthalmologist/Optometrist,off,Flin Flon,5,Dabshots
Angelico Whiscard,Endocrinologist,off,Nouméa,3,Fatz
Brittan Chetwind,Registered dietitian,on,Erenhot,2,Jaxspan
Lila Ager,Endocrinologist,off,Parachinar,4,Zazio
Germayne Ferrai,Mental health professional,on,Nahiyat Ghammas,5,Eazzy
Carlotta Rankling,Exercise physiologist,off,Alcanena,2,Skaboo
Binny Riggs,Endocrinologist,on,Mougins,2,Flipbug
Ricoriki Verrico,Nephrologist,on,Peuara,3,Devify
Verla Mapplethorpe,Endocrinologist,off,Lípa,3,Jabbercube
Anatol Bremond,Primary care provider,on,Custóias,4,Livepath
Loydie Fazakerley,Podiatrist,on,Reims,5,Yoveo
Austin Down,Podiatrist,off,Loughrea,2,Buzzshare
Ricky Weddeburn - Scrimgeour,Nephrologist,on,Binangun,5,Quimba
Erminia Horsley,Mental health professional,on,Shanshi,3,Zazio
Gabi Isakson,Endocrinologist,on,Langenburg,3,Photobug
Barbara Domoney,Nephrologist,on,Gulbene,1,Viva
Boote Gaitley,Registered dietitian,on,Yueyang,4,Flashspan
Chiquia Rubanenko,Registered dietitian,on,Perjuangan,3,Cogilith
Cornall Cusick,Registered dietitian,off,Bodzanów,3,Omba
Banky Coenraets,Endocrinologist,off,Novaya Derevnya,5,Bubblemix
Cheri Pree,Ophthalmologist/Optometrist,on,Robertsfors,2,Teklist
Mira Conelly,Registered dietitian,off,Camrose,4,Fivebridge
Heall Ebdon,Podiatrist,off,Rueil-Malmaison,1,Dynazzy
Lock Westnedge,Exercise physiologist,off,Zarumilla,3,Mita
Reinhold Cosgrove,Registered dietitian,off,Zambujal,2,Blogpad
Mikey Mason,Pharmacist,on,Linqu,5,Babbleset
Susana Kidner,Endocrinologist,off,Velká Polom,5,Divavu
Rufus Derobert,Pharmacist,off,Krasnaya Poyma,2,Yodoo
Ford Marquez,Podiatrist,on,Qinglin,4,Jetwire
Kippie Wintringham,Pharmacist,on,Qitai,5,Wikido
Trude Test,Mental health professional,on,Balucawi,5,Ntag
Sheffy Boich,Primary care provider,off,Ginir,1,Twitterwire
Efrem Elen,Podiatrist,off,Yonago,5,Oyoloo
Marsha Winger,Diabetes care and education specialist,on,Koani Ndogo,2,Youfeed
Benita Banker,Podiatrist,on,Tsalgar,2,JumpXS
Clayborn Goodday,Diabetes care and education specialist,on,Jinglongqiao,1,Wordtune
Nannie Ambrosoli,Exercise physiologist,off,Banjar Timbrah,5,Eabox
Benny Shieldon,Endocrinologist,off,Zhiletovo,2,Digitube
Danica Lejeune,Pharmacist,off,Pedro García,5,Ntag
Lia Siggers,Diabetes care and education specialist,off,Molochnoye,1,Rhycero
Otes Joicey,Primary care provider,on,Temeke,4,Livetube
Janith Nickell,Ophthalmologist/Optometrist,off,Antrukan,4,Innojam
Jeanelle Woolaghan,Ophthalmologist/Optometrist,off,Concepción de Ataco,2,Blogtags
Paloma Bellingham,Exercise physiologist,on,Wenchang,4,Gigaclub
Rosa Hugh,Mental health professional,on,General Martín Miguel de Güemes,1,Oyoloo
Moll Tookill,Ophthalmologist/Optometrist,on,Margotuhu Kidul,2,Eare
Nat Deam,Mental health professional,off,Kuryłówka,3,Blogpad
Milo Plane,Primary care provider,on,Primorsk,1,Topdrive
Stefanie Francesc,Primary care provider,off,Allacapan,1,Twinder
Culver Giddins,Endocrinologist,off,Altanbulag,3,Kwilith
Vivienne Tickner,Exercise physiologist,off,Chartres,5,Realcube
Debora Kanter,Registered dietitian,on,Tekeli,4,Jabbercube
Cloris Lyven,Pharmacist,off,Serhetabat,3,Skipstorm
Reeva Critchard,Pharmacist,on,Thanh Khê,3,Avaveo
Dedra Winley,Pharmacist,on,Makiyivka,1,Bluejam
Corty Cressar,Exercise physiologist,on,Patzicía,4,Skidoo
Albrecht Jendrusch,Podiatrist,off,Gudurica,2,Mudo
Damien Churchouse,Exercise physiologist,off,Hitachi,1,Voolith
Vivien Rogier,Endocrinologist,on,Oslo,3,Wordtune
Jordain Varndall,Diabetes care and education specialist,on,København,3,Trudeo
Ugo Ruslen,Exercise physiologist,off,Arnoia,5,Oyoyo
Nikkie Tippell,Primary care provider,off,Butou,3,Janyx
Ariana Yarnold,Nephrologist,off,Sohag,3,Devshare
Moreen Willoughey,Registered dietitian,off,Orlovskiy,4,Agivu
Gabbie Mynard,Pharmacist,on,Las Palmas,1,Feedfire
Gweneth Ames,Nephrologist,off,Haiyan,4,Quatz
Verile O'Malley,Nephrologist,on,Bantar Tengah,3,Yacero
Arv Howells,Nephrologist,on,Ettal,3,Meemm
Elwira Cropper,Exercise physiologist,on,Blagoveshchensk,2,Voolia
Erda Danne,Endocrinologist,on,Xianghua,5,Flipopia
Willyt Oakeby,Mental health professional,off,Nyzhnya Krynka,2,Flipopia
Berkly De Banke,Exercise physiologist,off,Kadugannawa,1,Buzzbean
Chelsea Alti,Exercise physiologist,on,Östersund,4,Jamia
Eduino Castanone,Exercise physiologist,on,Baiqi,5,Yakitri
Enrica Heinle,Diabetes care and education specialist,on,Staromyshastovskaya,1,Innojam
Dorolisa Crossan,Podiatrist,on,Kapsan-ŭp,1,Gabtune
Auroora Bartkowiak,Exercise physiologist,on,Vila Verde,2,Skinder
Taffy Lawranson,Endocrinologist,on,Elliot,3,Wikizz
Latashia Mathwin,Pharmacist,on,Mataquescuintla,1,Oyondu
Tadio Saile,Registered dietitian,on,Karangbalong,3,Jabbertype
Missy Rennenbach,Primary care provider,on,Bzenec,4,Rhynyx
Lida Winchester,Pharmacist,on,Danyang,5,Gabvine
Humphrey Cake,Nephrologist,on,Atalaia,1,Shuffletag
Breena Whitesel,Primary care provider,on,Łęki,4,Fliptune
Erich Paniman,Registered dietitian,off,Otok,1,Jetpulse
Susannah Collens,Mental health professional,on,Washington,1,Abatz
Krystyna Trembey,Diabetes care and education specialist,off,Zamarski,5,Devcast
Arne Brignell,Pharmacist,off,Yangfeng,2,Reallinks
Alfi Kieran,Diabetes care and education specialist,on,Chwaszczyno,4,Oyope
Misty Dibdall,Pharmacist,on,Sardasht,4,Gabtype
Delphinia Stonnell,Registered dietitian,on,Turirejo,4,Meembee
Ermentrude Kubicka,Diabetes care and education specialist,on,Žabčice,4,Brainsphere
Edithe MacAirt,Registered dietitian,on,Wenxian Chengguanzhen,5,Zoonder
Karim Ashfield,Ophthalmologist/Optometrist,off,Borgustanskaya,1,Realbridge
Marietta Offen,Ophthalmologist/Optometrist,on,Versailles,2,Gabspot
Reena Noddles,Nephrologist,on,Ustupo,3,Voonder
Don Jobling,Diabetes care and education specialist,on,Banxi,5,Chatterpoint
Francisco Dilworth,Nephrologist,on,Na Yung,2,Blogtag
Dex Poser,Endocrinologist,on,Pasto,1,Shufflebeat
Annabella Gantz,Pharmacist,off,Hanover,4,Oba
Rhett Flucker,Endocrinologist,off,Lizhai,2,Camido
Roderigo Durrance,Pharmacist,on,Azurduy,5,Wordify
Zachariah Counihan,Registered dietitian,off,Vitina,1,Realcube
Sondra Hawarden,Diabetes care and education specialist,on,Ózd,1,Zoonder
Kara-lynn Cleyne,Diabetes care and education specialist,on,Gunajaya,4,BlogXS
Pollyanna Hurler,Ophthalmologist/Optometrist,off,Halmstad,5,Jabbertype
Gaven Baskeyfield,Ophthalmologist/Optometrist,on,Santa María de Jesús,5,Jaloo
Rosana Smillie,Pharmacist,on,Lazeshchyna,1,Youfeed
Waylon Dickings,Endocrinologist,off,Tambong,1,Twinte
Maighdiln Blount,Registered dietitian,on,München,5,Tanoodle
Stuart Cornell,Pharmacist,on,Pessac,2,Mudo
Bing Ughi,Endocrinologist,on,Cintra,1,Fanoodle
Derrik Mauvin,Endocrinologist,off,Bogorame,3,Rhynoodle
Nelle Minichi,Endocrinologist,on,General Villegas,3,JumpXS
Georgeta Balogun,Nephrologist,off,Cockburn Town,5,Mynte
Orran Learoyde,Exercise physiologist,on,Frederiksberg,1,Oloo
Brenna Fernant,Exercise physiologist,off,Suwon-si,2,Skyndu
Aura Teulier,Podiatrist,off,Krahës,3,Babbleblab
Massimo Conklin,Nephrologist,on,Borås,1,Devify
Pete Daingerfield,Podiatrist,off,Beima,2,Twimm
Scot Waring,Registered dietitian,off,Chegang,3,Avamm
Laure Prydden,Podiatrist,off,Uyen Hung,1,Mynte
Beverley Wyper,Endocrinologist,off,Wates,3,Ntag
Gusta Pride,Exercise physiologist,on,Calmar,3,Skibox
Sharl Tassell,Endocrinologist,on,Khodzhi-Gasan,3,Agimba
Bertrando Cowthard,Diabetes care and education specialist,off,Villa Castelli,4,Wikido
Gawen Sessuns,Nephrologist,off,Darenzhuang,2,Livetube
Nance Flory,Registered dietitian,on,Sieniawa Żarska,1,Dynabox
Maximilian Alcock,Endocrinologist,on,Qingshi,3,Oyonder
Anthea Devas,Nephrologist,off,Nagareyama,5,Fanoodle
Margi MacGaughy,Mental health professional,on,Zengjia,3,Youtags
Otes Dryden,Ophthalmologist/Optometrist,on,Brikama Nding,3,Miboo
Lucio Scriven,Ophthalmologist/Optometrist,on,Saint-Laurent-Blangy,1,Dynava
Astra La Padula,Registered dietitian,off,Baise City,2,Wikizz
Ulises Bowsher,Podiatrist,on,Magersari,2,Yacero
Birk Leyburn,Primary care provider,off,Lian’an,2,Fiveclub
Steffie Fitter,Primary care provider,on,Aegela,1,Youopia
Chiquia Wackett,Diabetes care and education specialist,on,Brampton,5,Browsezoom
Boris Halstead,Nephrologist,off,Tamahú,3,Yadel
Gayleen Penritt,Podiatrist,off,Liancheng,4,Meejo
Flinn Sertin,Nephrologist,on,Lívingston,5,Ooba
Teodora Ardy,Podiatrist,off,Oslo,5,Eare
Carce Kovelmann,Diabetes care and education specialist,off,Malonty,3,Kwideo
Ingeberg Heinle,Mental health professional,off,Karatau,5,Skiptube
Jacques Nevison,Nephrologist,off,Shani,1,Blogpad
Jorge Bonallack,Endocrinologist,off,Nyaunglebin,5,Yakijo
Carolin Gaymer,Diabetes care and education specialist,off,Shuikou,3,Skynoodle
Cher Eilhertsen,Ophthalmologist/Optometrist,on,Palenggihan,5,Eayo
Maryjane Cambell,Diabetes care and education specialist,off,Neftegorsk,4,Jabbersphere
Lilias Milliere,Diabetes care and education specialist,off,Patemon,2,Tambee
Laraine Drysdall,Primary care provider,on,Shuangxing,1,Divanoodle
Anders Mundow,Podiatrist,off,Pagarbatu,2,Mydo
Fidel Archer,Endocrinologist,off,Gradec,5,Topiclounge
Clayborn Bridgement,Mental health professional,off,Oslo,5,Nlounge
Rossy Wooton,Registered dietitian,on,Beitou,4,Aimbu
See Dominguez,Podiatrist,off,Waekolong,2,Skyvu
Erwin Roan,Pharmacist,off,Североморск-3,3,Eazzy
Perry Kyte,Podiatrist,off,H̱olon,3,Edgeify
Barr Addey,Registered dietitian,on,Orleans,3,Babbleopia
Godard Danzelman,Ophthalmologist/Optometrist,off,Hannover,1,Livetube
Isabeau Wyllt,Nephrologist,on,Aubagne,5,Mymm
Dix Polet,Endocrinologist,on,Pasaje,5,Skidoo
Candace Valiant,Mental health professional,off,Mogoditshane,2,Viva
Christabella Cowpertwait,Nephrologist,on,Socos,4,Twimm
Oren Shrawley,Registered dietitian,on,Lidong,1,Jabbersphere
Erda Gerrard,Endocrinologist,off,Kimberley,3,Fadeo
Adrien Gerauld,Nephrologist,on,Suishan,4,Jaxspan
Timmie Licciardiello,Mental health professional,off,Sydney,3,Geba
Lotti Thorne,Pharmacist,on,Tuanshansi,5,Wordware
Wayne Gurnay,Ophthalmologist/Optometrist,off,Myasnikyan,1,Voolith
Tabbi Hulcoop,Endocrinologist,off,Sukamulya,2,Wikivu
Kara-lynn Dewen,Primary care provider,off,Welchman Hall,2,Divanoodle
Mario Nelsen,Ophthalmologist/Optometrist,off,Czarna,4,Demimbu
Georgina Dolan,Pharmacist,on,Kasaoka,5,Bluejam
Emmanuel Laflin,Exercise physiologist,on,Sanjiang,3,Yamia
Delbert Verring,Nephrologist,on,Ozerki,5,Realpoint
Mathew Wale,Diabetes care and education specialist,on,Zagnitkiv,4,Omba
Nerti Lohden,Ophthalmologist/Optometrist,on,Itsandra,1,Brightdog
Meredithe Birckmann,Ophthalmologist/Optometrist,off,Río Sereno,3,Tagpad
Myrlene Gipps,Pharmacist,off,Kota Bharu,5,Rhynoodle
Sanderson Baylie,Pharmacist,on,Tolosa,3,Yacero
Siffre Spurdens,Primary care provider,off,Kaura Namoda,2,Shuffletag
Stern Doubleday,Exercise physiologist,on,Manoc-Manoc,3,Tagfeed
Teddy Alvey,Registered dietitian,off,Pan-an,3,Pixonyx
Udale Treher,Podiatrist,on,Muting,2,Edgetag
Bryce Scamal,Mental health professional,on,Cojata,1,Oloo
Waverly Brittin,Mental health professional,off,Kuleqi,5,Ainyx
Hart Kasperski,Exercise physiologist,off,Chok Chai,2,Dabshots
Meagan Cuttelar,Diabetes care and education specialist,off,Patrocínio,5,Realmix
Leanora Marvel,Primary care provider,on,Charleville-Mézières,2,Ozu
Debi Maycock,Diabetes care and education specialist,on,New Plymouth,2,Devpulse
Cammi Flory,Diabetes care and education specialist,off,Beizhouzi,5,Blogtags
Sharla Widdall,Exercise physiologist,on,Newcastle,1,Jabbersphere
Lexis Feldberg,Nephrologist,off,Hetou,1,Innotype
Minnnie Siccombe,Primary care provider,on,Kuala Lumpur,1,Wikido
Alvera Bickerdike,Endocrinologist,on,Mīr Bachah Kōṯ,4,Jabbercube
Micah Yepiskopov,Mental health professional,on,Głubczyce,5,Jabbercube
Chucho Guidetti,Pharmacist,on,Bigoudine,2,Meedoo
Eduino Genty,Nephrologist,off,Kostomuksha,2,Teklist
Valencia Tomasini,Primary care provider,off,Žeravice,2,Dablist
Kym Rolfi,Pharmacist,off,San Isidro,2,Devcast
Raul Rein,Pharmacist,on,Khust,1,Twinder
Steffane Follitt,Pharmacist,off,Mairana,4,Wikizz
Millicent Kelloway,Diabetes care and education specialist,off,Khvatovka,1,Rooxo
Brad Brecken,Diabetes care and education specialist,on,Tsuruga,5,Feedspan
Anita Corry,Exercise physiologist,off,Pandan,5,Thoughtstorm
Sergio Schankelborg,Exercise physiologist,off,San Juan Opico,2,Tazzy
Tamra Skipton,Endocrinologist,on,Murun-kuren,2,Oodoo
Renaldo O'Dyvoy,Podiatrist,off,Rockford,2,Twiyo
Marieann Spaldin,Primary care provider,on,Khemisset,1,Oyonder
Pavlov Worland,Primary care provider,on,Berck,1,Gabcube
Dorolice Crampsey,Primary care provider,on,Trieste,2,Eayo
Tonia Burwood,Exercise physiologist,on,Daingean,1,Feednation
Chester Winders,Diabetes care and education specialist,off,Anaráchi,1,Vinte
Elinore Marvelley,Exercise physiologist,on,Lühua,5,Innotype
Aleda MacMearty,Nephrologist,on,Paccha,1,Ailane
Duffie Birbeck,Registered dietitian,on,Daliyuan,1,Twitterlist
Christoper Pecha,Diabetes care and education specialist,on,Luozhuang,5,Roomm
Andrej Gillanders,Nephrologist,on,Stod,5,Divavu
Kenton Linfitt,Primary care provider,off,Słubice,3,Quatz
Vasily Zuanelli,Diabetes care and education specialist,on,Tierp,2,Photospace
Julio Sey,Registered dietitian,off,Houjie,4,Leexo
Shane Kynton,Registered dietitian,off,Kushtia,4,Vipe
Marinna Orrett,Nephrologist,on,Krzepice,4,Skalith
Merrill Idale,Ophthalmologist/Optometrist,on,Jintao,2,Voomm
Bram Nitto,Primary care provider,on,Bento Gonçalves,2,Kwimbee
Carmelia Rehme,Ophthalmologist/Optometrist,off,Qingshui,3,Skyvu
Lambert Morales,Ophthalmologist/Optometrist,off,Honolulu,3,Rhycero
Angel Eliff,Podiatrist,off,Liuduzhai,5,Browsetype
Flemming Davio,Nephrologist,on,Cisaro,2,Layo
Vince O'Henecan,Pharmacist,on,Qorao’zak,4,Skyndu
Nedi Dowtry,Registered dietitian,off,Santa Lucia,1,Rooxo
Boonie Laraway,Nephrologist,on,Riangbaring,2,Fatz
Richy Kobelt,Nephrologist,off,Francisco Beltrão,2,Skyble
Edita Lyburn,Ophthalmologist/Optometrist,on,Caomiao,2,Edgeify
Kayla Bartoszewicz,Registered dietitian,on,Batakte,3,Devshare
Glynnis Stuttman,Nephrologist,off,Pinghu,1,Twitterwire
Orsola Gillam,Endocrinologist,off,Tarfaya,2,Fatz
Crissy Beauly,Exercise physiologist,on,Koubia,3,Kayveo
Alain Eilers,Pharmacist,off,Cigembor,1,Jaloo
Shaughn Dimelow,Ophthalmologist/Optometrist,on,Devesa,4,Eabox
Fernanda Charkham,Mental health professional,on,Évry,5,Kanoodle
Matthus Ewington,Endocrinologist,on,Cibangun Tengah,3,Ntags
Gertrud Berston,Registered dietitian,off,Dongtai,4,Flashspan
Babara Bisson,Ophthalmologist/Optometrist,off,Muikamachi,2,Gabcube
Loella Wonham,Diabetes care and education specialist,off,Igede-Ekiti,2,Dabvine
Mario Slyford,Diabetes care and education specialist,on,Shanlian,2,Eadel
Diandra McGettrick,Endocrinologist,on,Bulqizë,3,Wikibox
Glennie Bellew,Registered dietitian,off,Kanthararom,4,Eire
Patty Lawlings,Podiatrist,off,Qīr Moāv,3,Rhyloo
Jeremiah De Winton,Pharmacist,off,Lingcheng,5,Rhyloo
Cherida Taborre,Endocrinologist,on,Castleknock,2,Skiptube
